file_name,start_utc,end_utc,duration_days,median_interval_sec,interval_label,interval_regular,head_gap_detected
A.csv,2022-11-30T10:20:49.846000+00:00,2022-11-30T10:57:43+00:00,0.0,5.0,~5s,True,False
TimerRuecklaufAltbau.csv,2022-12-14T13:46:49+00:00,2026-05-27T07:03:04+00:00,1259.7,300.0,~5min,False,True
V_realAZmax.csv,2022-12-15T10:28:59+00:00,2026-02-10T09:32:12+00:00,1153.0,2312.5,~1hr,False,True
V_realAZmin.csv,2022-12-15T10:28:59+00:00,2026-02-10T09:32:12+00:00,1153.0,2312.5,~1hr,False,True
V_realHysWP.csv,2022-12-15T14:29:56+00:00,2026-02-10T09:32:12+00:00,1152.8,2700.0,~1hr,False,True
V_realMaxVL_WP.csv,2022-12-15T12:57:32+00:00,2026-02-10T09:32:12+00:00,1152.9,2312.5,~1hr,False,True
V_realMinVL_WPcool.csv,2022-12-15T12:57:32+00:00,2026-02-10T09:32:12+00:00,1152.9,2312.5,~1hr,False,True
V_realSollTempAZmax.csv,2022-12-15T10:28:59+00:00,2026-02-10T09:32:12+00:00,1153.0,2313.5,~1hr,False,True
V_real_AbtauTemperaturBetrieb.csv,2022-12-15T14:29:56+00:00,2026-02-10T09:32:12+00:00,1152.8,3780.0,~63min,False,True
V_real_Nachtabsenkung.csv,2022-12-15T11:38:39+00:00,2026-02-10T09:32:12+00:00,1152.9,2312.5,~1hr,False,True
V_real_NachtabsenkungY4.csv,2022-12-15T11:38:39+00:00,2025-11-17T18:36:29+00:00,1068.3,2312.5,~1hr,False,True
V_real_maxAT.csv,2022-12-15T10:28:59+00:00,2026-02-10T09:32:12+00:00,1153.0,2313.0,~1hr,False,True
V_real_maxATY4.csv,2022-12-15T10:28:59+00:00,2026-02-10T09:32:12+00:00,1153.0,2312.5,~1hr,False,True
V_real_maxAT_K.csv,2022-12-15T10:28:59+00:00,2026-02-10T09:32:12+00:00,1153.0,3240.5,~1hr,False,True
V_real_maxVorlaufTemp.csv,2022-12-15T10:28:59+00:00,2026-02-10T09:32:12+00:00,1153.0,3240.5,~1hr,False,True
V_real_maxVorlaufTempK.csv,2022-12-15T10:28:59+00:00,2026-02-10T09:32:12+00:00,1153.0,3240.5,~1hr,False,True
V_real_maxVorlaufTempY4.csv,2022-12-15T10:28:59+00:00,2026-02-10T09:32:12+00:00,1153.0,2313.0,~1hr,False,True
V_real_minAT.csv,2022-12-15T10:28:59+00:00,2026-02-10T09:32:12+00:00,1153.0,2313.0,~1hr,False,True
V_real_minATY4.csv,2022-12-15T10:28:59+00:00,2026-02-10T09:32:12+00:00,1153.0,2312.5,~1hr,False,True
V_real_minAT_K.csv,2022-12-15T10:28:59+00:00,2026-02-10T09:32:12+00:00,1153.0,3241.0,~1hr,False,True
V_real_minVorlaufTemp.csv,2022-12-15T10:28:59+00:00,2026-02-10T09:32:12+00:00,1153.0,2313.0,~1hr,False,True
V_real_minVorlaufTempK.csv,2022-12-15T10:28:59+00:00,2026-02-10T09:32:12+00:00,1153.0,2313.0,~1hr,False,True
V_real_minVorlaufTempY4.csv,2022-12-15T10:28:59+00:00,2026-02-10T09:32:12+00:00,1153.0,2313.0,~1hr,False,True
VrealSpeicherWW_BHKW_Aus.csv,2022-12-14T13:52:15+00:00,2022-12-14T13:54:15+00:00,0.0,20.0,~20s,True,False
VrealSpeicherWW_BHKW_Ein.csv,2022-12-14T13:52:15+00:00,2022-12-14T13:54:16+00:00,0.0,20.0,~20s,True,False
Vreal_WP_Ein_Batterie.csv,2022-12-15T12:57:32+00:00,2026-02-10T09:32:12+00:00,1152.9,2312.5,~1hr,False,True
Vreal_WP_Ein_BatterieKritsch.csv,2022-12-15T12:57:32+00:00,2026-02-10T09:32:12+00:00,1152.9,2700.0,~1hr,False,True
Vreal_WP_Ein_BatterieKritschHys.csv,2022-12-15T12:57:32+00:00,2026-02-10T09:32:12+00:00,1152.9,4662.0,~78min,False,True
Vreal_maxSpeicher.csv,2022-12-14T13:52:15+00:00,2022-12-14T13:54:16+00:00,0.0,20.0,~20s,True,False
Vreal_maxTempSpeicherUnten.csv,2022-12-14T13:52:15+00:00,2022-12-14T13:54:16+00:00,0.0,20.0,~20s,True,False
Vreal_minSpeicher.csv,2022-12-14T13:52:15+00:00,2022-12-14T13:54:15+00:00,0.0,20.0,~20s,True,False
_value.csv,2022-11-30T10:41:18+00:00,2022-11-30T10:42:21+00:00,0.0,1.0,~5s,True,False
dintVolGasVerbrauchBhkwImp1.csv,2022-12-07T15:56:28+00:00,2022-12-13T16:19:39+00:00,6.0,20.0,~20s,False,False
dintVolGasVerbrauchBhkwImp2.csv,2022-12-07T15:56:39+00:00,2022-12-13T16:19:39+00:00,6.0,20.0,~20s,False,False
grealCluster_1_Ladung.csv,2022-12-06T16:04:43+00:00,2026-05-27T07:03:18+00:00,1267.6,5.0,~5s,True,False
grealCluster_1_Spannung.csv,2022-12-06T16:21:15+00:00,2026-05-27T07:03:18+00:00,1267.6,20.0,~20s,True,False
grealCluster_2_Ladung.csv,2022-12-06T16:21:15+00:00,2026-05-27T07:03:18+00:00,1267.6,20.0,~20s,True,False
grealCluster_2_Spannung.csv,2022-12-06T16:21:15+00:00,2026-05-27T07:03:18+00:00,1267.6,20.0,~20s,True,False
grealCluster_3_Ladung.csv,2022-12-06T16:21:15+00:00,2026-05-27T07:03:18+00:00,1267.6,20.0,~20s,True,False
grealCluster_3_Spannung.csv,2022-12-06T16:21:15+00:00,2026-05-27T07:03:18+00:00,1267.6,20.0,~20s,True,False
grealCluster_4_Ladung.csv,2022-12-06T16:21:15+00:00,2026-05-27T07:03:18+00:00,1267.6,20.0,~20s,True,False
grealCluster_4_Spannung.csv,2022-12-06T16:21:15+00:00,2026-05-27T07:03:18+00:00,1267.6,20.0,~20s,True,False
grealIstWaermepumpVorlauf.csv,2022-12-14T14:40:41+00:00,2026-05-27T07:03:05+00:00,1259.7,300.0,~5min,True,True
grealTempAussenGefiltert.csv,2022-12-07T10:09:55+00:00,2026-05-27T07:03:04+00:00,1266.9,20.0,~20s,False,False
grealThermLeistungWaermeFBH_Nord.csv,2022-12-15T13:27:43+00:00,2026-05-27T07:03:05+00:00,1258.7,300.0,~5min,False,False
grealThermLeistungWaermeFBH_Sued.csv,2022-12-15T13:27:43+00:00,2026-05-27T07:03:05+00:00,1258.7,300.0,~5min,False,False
grealThermLeistungWaermeHalle.csv,2022-12-15T13:27:43+00:00,2026-05-27T07:03:05+00:00,1258.7,300.0,~5min,False,False
greal_AZ_WP_Energie.csv,2022-12-14T14:40:41+00:00,2026-05-27T07:03:05+00:00,1259.7,300.0,~5min,False,True
greal_Administrator_HT.csv,2022-12-15T14:29:56+00:00,2026-02-10T09:32:12+00:00,1152.8,4740.0,~79min,False,True
greal_BatterieLadeZustand.csv,2022-12-07T08:37:18+00:00,2026-05-27T07:03:18+00:00,1266.9,20.0,~20s,True,False
greal_EK_WMZ_WWout.csv,2022-12-22T16:48:12+00:00,2026-05-27T07:03:18+00:00,1251.6,20.0,~20s,True,False
greal_E_BatterieAbgabe.csv,2022-12-22T14:24:12+00:00,2026-05-27T07:03:18+00:00,1251.7,20.0,~20s,False,False
greal_E_BatterieLaden.csv,2022-12-22T14:24:12+00:00,2026-05-27T07:03:18+00:00,1251.7,20.0,~20s,False,False
greal_E_ErzeugungEnFa.csv,2022-12-22T14:24:12+00:00,2026-05-27T07:03:18+00:00,1251.7,20.0,~20s,False,False
greal_E_Gebaeude.csv,2022-12-22T16:03:08+00:00,2026-05-27T07:03:18+00:00,1251.6,20.0,~20s,True,False
greal_E_GebaeudeNord.csv,2022-12-22T14:24:12+00:00,2026-05-27T07:03:18+00:00,1251.7,20.0,~20s,False,False
greal_E_GebaeudeSued.csv,2022-12-22T14:24:12+00:00,2026-05-27T07:03:18+00:00,1251.7,20.0,~20s,False,False
greal_E_GebaeudeSystem.csv,2022-12-22T14:24:12+00:00,2026-05-27T07:03:18+00:00,1251.7,20.0,~20s,False,False
greal_E_Gesamtverbrauch.csv,2022-12-22T14:24:12+00:00,2026-05-27T07:03:18+00:00,1251.7,20.0,~20s,False,False
greal_E_PV1.csv,2022-12-22T14:24:12+00:00,2026-05-27T07:03:18+00:00,1251.7,20.0,~20s,False,False
greal_E_PV2.csv,2022-12-22T14:24:12+00:00,2026-05-27T07:03:18+00:00,1251.7,20.0,~20s,False,False
greal_E_PV3.csv,2022-12-22T14:24:12+00:00,2026-05-27T07:03:18+00:00,1251.7,20.0,~20s,False,False
greal_E_PV4.csv,2022-12-22T14:24:12+00:00,2026-05-27T07:03:18+00:00,1251.7,20.0,~20s,False,False
greal_E_PV5.csv,2022-12-22T14:24:12+00:00,2026-05-27T07:03:18+00:00,1251.7,20.0,~20s,False,False
greal_E_PV6.csv,2022-12-22T14:24:12+00:00,2026-05-27T07:03:18+00:00,1251.7,20.0,~20s,False,False
greal_E_PV7.csv,2022-12-22T14:24:12+00:00,2026-05-27T07:03:18+00:00,1251.7,20.0,~20s,False,False
greal_E_PV_Gesamt.csv,2022-12-22T14:52:28+00:00,2026-05-27T07:03:18+00:00,1251.7,20.0,~20s,True,False
greal_E_Tankstelle1.csv,2022-12-22T14:24:12+00:00,2026-05-27T07:03:18+00:00,1251.7,20.0,~20s,False,False
greal_E_Tankstelle2.csv,2022-12-22T14:24:12+00:00,2026-05-27T07:03:18+00:00,1251.7,20.0,~20s,False,False
greal_E_Tankstelle3.csv,2022-12-22T14:24:12+00:00,2026-05-27T07:03:18+00:00,1251.7,20.0,~20s,False,False
greal_E_WP.csv,2022-12-22T14:24:12+00:00,2026-05-27T07:03:18+00:00,1251.7,20.0,~20s,False,False
greal_E__WMZ_BHKW.csv,2022-12-22T16:22:49+00:00,2026-05-27T07:03:18+00:00,1251.6,20.0,~20s,True,False
greal_E__WMZ_WWout.csv,2022-12-22T16:22:49+00:00,2026-05-27T07:03:18+00:00,1251.6,20.0,~20s,True,False
greal_E_bhkw1.csv,2022-12-22T14:24:12+00:00,2026-05-27T07:03:18+00:00,1251.7,20.0,~20s,False,False
greal_E_bhkw2.csv,2022-12-22T14:24:12+00:00,2026-05-27T07:03:18+00:00,1251.7,20.0,~20s,False,False
greal_Gas_bhkw1.csv,2022-12-22T14:32:29+00:00,2026-05-27T07:03:18+00:00,1251.7,20.0,~20s,True,False
greal_Gas_bhkw2.csv,2022-12-22T14:32:29+00:00,2026-05-27T07:03:18+00:00,1251.7,20.0,~20s,True,False
greal_Gas_bhkwges.csv,2022-12-22T14:37:01+00:00,2026-05-27T07:03:18+00:00,1251.7,20.0,~20s,True,False
greal_JalousienMaxWind.csv,2022-12-21T10:53:29+00:00,2026-02-10T09:32:11+00:00,1146.9,3778.0,~63min,False,True
greal_K_WMZ_E_Altbau.csv,2022-12-19T15:28:02+00:00,2026-05-27T07:03:18+00:00,1254.6,20.0,~20s,True,True
greal_K_WMZ_E_Bespr.csv,2022-12-19T15:51:13+00:00,2026-05-27T07:03:18+00:00,1254.6,20.0,~20s,True,False
greal_K_WMZ_E_GF.csv,2022-12-19T15:51:13+00:00,2026-05-27T07:03:18+00:00,1254.6,20.0,~20s,True,False
greal_K_WMZ_E_Halle.csv,2022-12-19T15:28:02+00:00,2026-05-27T07:03:18+00:00,1254.6,20.0,~20s,True,True
greal_K_WMZ_E_Nord.csv,2022-12-19T15:28:02+00:00,2026-05-27T07:03:18+00:00,1254.6,20.0,~20s,True,True
greal_K_WMZ_E_Server.csv,2022-12-19T15:51:13+00:00,2026-05-27T07:03:18+00:00,1254.6,20.0,~20s,True,False
greal_K_WMZ_E_Sued.csv,2022-12-19T15:28:02+00:00,2026-05-27T07:03:18+00:00,1254.6,20.0,~20s,True,True
greal_K_WMZ_E_WP.csv,2022-12-19T15:28:02+00:00,2026-05-27T07:03:18+00:00,1254.6,20.0,~20s,True,True
greal_K_WMZ_E_bhkw1.csv,2022-12-19T15:28:02+00:00,2022-12-19T15:29:42+00:00,0.0,20.0,~20s,True,False
greal_K_WMZ_E_bhkw2.csv,2022-12-19T15:28:02+00:00,2022-12-19T15:29:42+00:00,0.0,20.0,~20s,True,False
greal_K_WMZ_P_Altbau.csv,2022-12-19T15:28:02+00:00,2026-05-27T07:03:18+00:00,1254.6,20.0,~20s,True,True
greal_K_WMZ_P_Bespr.csv,2022-12-19T15:51:13+00:00,2026-05-27T07:03:18+00:00,1254.6,20.0,~20s,True,False
greal_K_WMZ_P_GF.csv,2022-12-19T15:51:13+00:00,2026-05-27T07:03:18+00:00,1254.6,20.0,~20s,True,False
greal_K_WMZ_P_Halle.csv,2022-12-19T15:28:02+00:00,2026-05-27T07:03:18+00:00,1254.6,20.0,~20s,True,True
greal_K_WMZ_P_Nord.csv,2022-12-19T15:28:02+00:00,2026-05-27T07:03:18+00:00,1254.6,20.0,~20s,True,True
greal_K_WMZ_P_Server.csv,2022-12-19T15:51:13+00:00,2026-05-27T07:03:18+00:00,1254.6,20.0,~20s,True,False
greal_K_WMZ_P_Sued.csv,2022-12-19T15:28:02+00:00,2026-05-27T07:03:18+00:00,1254.6,20.0,~20s,True,True
greal_K_WMZ_P_WP.csv,2022-12-19T15:28:02+00:00,2026-05-27T07:03:18+00:00,1254.6,20.0,~20s,True,True
greal_K_WMZ_P_bhkw1.csv,2022-12-19T15:28:02+00:00,2022-12-19T15:29:42+00:00,0.0,20.0,~20s,True,False
greal_K_WMZ_P_bhkw2.csv,2022-12-19T15:28:02+00:00,2022-12-19T15:29:42+00:00,0.0,20.0,~20s,True,False
greal_K_WMZ_TR_Altbau.csv,2022-12-19T15:28:02+00:00,2026-05-27T07:03:18+00:00,1254.6,20.0,~20s,True,True
greal_K_WMZ_TR_Bespr.csv,2022-12-19T15:51:13+00:00,2026-05-27T07:03:18+00:00,1254.6,20.0,~20s,True,False
greal_K_WMZ_TR_GF.csv,2022-12-19T15:51:13+00:00,2026-05-27T07:03:18+00:00,1254.6,20.0,~20s,True,False
greal_K_WMZ_TR_Halle.csv,2022-12-19T15:28:02+00:00,2026-05-27T07:03:18+00:00,1254.6,20.0,~20s,True,True
greal_K_WMZ_TR_Nord.csv,2022-12-19T15:28:02+00:00,2026-05-27T07:03:18+00:00,1254.6,20.0,~20s,True,True
greal_K_WMZ_TR_Server.csv,2022-12-19T15:51:13+00:00,2026-05-27T07:03:18+00:00,1254.6,20.0,~20s,True,False
greal_K_WMZ_TR_Sued.csv,2022-12-19T15:28:02+00:00,2026-05-27T07:03:18+00:00,1254.6,20.0,~20s,True,True
greal_K_WMZ_TR_WP.csv,2022-12-19T15:28:02+00:00,2022-12-19T15:29:42+00:00,0.0,20.0,~20s,True,False
greal_K_WMZ_TR_bhkw1.csv,2022-12-19T15:28:02+00:00,2022-12-19T15:29:42+00:00,0.0,20.0,~20s,True,False
greal_K_WMZ_TR_bhkw2.csv,2022-12-19T15:28:02+00:00,2022-12-19T15:29:42+00:00,0.0,20.0,~20s,True,False
greal_K_WMZ_TV_Altbau.csv,2022-12-19T15:28:02+00:00,2026-05-27T07:03:18+00:00,1254.6,20.0,~20s,True,True
greal_K_WMZ_TV_Bespr.csv,2022-12-19T15:51:13+00:00,2026-05-27T07:03:18+00:00,1254.6,20.0,~20s,True,False
greal_K_WMZ_TV_GF.csv,2022-12-19T15:51:13+00:00,2026-05-27T07:03:18+00:00,1254.6,20.0,~20s,True,False
greal_K_WMZ_TV_Halle.csv,2022-12-19T15:28:02+00:00,2026-05-27T07:03:18+00:00,1254.6,20.0,~20s,True,True
greal_K_WMZ_TV_Nord.csv,2022-12-19T15:28:02+00:00,2026-05-27T07:03:18+00:00,1254.6,20.0,~20s,True,True
greal_K_WMZ_TV_Server.csv,2022-12-19T15:51:13+00:00,2026-05-27T07:03:18+00:00,1254.6,20.0,~20s,True,False
greal_K_WMZ_TV_Sued.csv,2022-12-19T15:28:02+00:00,2026-05-27T07:03:18+00:00,1254.6,20.0,~20s,True,True
greal_K_WMZ_TV_WP.csv,2022-12-19T15:28:02+00:00,2022-12-19T15:29:42+00:00,0.0,20.0,~20s,True,False
greal_K_WMZ_TV_bhkw1.csv,2022-12-19T15:28:02+00:00,2022-12-19T15:29:42+00:00,0.0,20.0,~20s,True,False
greal_K_WMZ_TV_bhkw2.csv,2022-12-19T15:28:02+00:00,2022-12-19T15:29:42+00:00,0.0,20.0,~20s,True,False
greal_LeistungBHKW1.csv,2022-12-07T14:11:41+00:00,2026-05-27T07:03:18+00:00,1266.7,20.0,~20s,True,False
greal_LeistungBHKW2.csv,2022-12-07T14:11:41+00:00,2026-05-27T07:03:18+00:00,1266.7,20.0,~20s,True,False
greal_LeistungGebaeude.csv,2022-12-20T09:32:54+00:00,2026-05-27T07:03:18+00:00,1253.9,20.0,~20s,True,False
greal_LeistungTankStelle1.csv,2022-12-08T08:01:49+00:00,2026-05-27T07:03:18+00:00,1266.0,20.0,~20s,True,False
greal_LeistungTankStelle2.csv,2022-12-08T08:01:49+00:00,2026-05-27T07:03:18+00:00,1266.0,20.0,~20s,True,False
greal_LeistungTankStelle3.csv,2022-12-08T08:01:49+00:00,2026-05-27T07:03:18+00:00,1266.0,20.0,~20s,True,False
greal_LeistungTankStellen.csv,2022-12-12T11:41:08+00:00,2026-05-27T07:03:18+00:00,1261.8,20.0,~20s,False,False
greal_Nachtabsenkung.csv,2022-12-15T14:29:56+00:00,2026-02-10T09:32:12+00:00,1152.8,3240.0,~1hr,False,True
greal_PV_Ges_prog.csv,2022-12-23T08:25:38+00:00,2026-05-27T06:58:04+00:00,1250.9,1800.0,~1hr,True,False
greal_RL_TempFBH_OG.csv,2022-12-15T08:52:10+00:00,2022-12-21T10:48:15+00:00,6.1,20.0,~20s,True,False
greal_SollTempAZplus.csv,2022-12-14T14:21:00+00:00,2026-05-27T07:03:05+00:00,1259.7,300.0,~5min,False,True
greal_Soll_T_BKT.csv,2022-12-15T14:42:46+00:00,2022-12-21T10:45:02+00:00,5.8,300.0,~5min,True,False
greal_Speicher_WW_Prozent.csv,2022-12-14T13:40:15+00:00,2026-05-27T07:03:18+00:00,1259.7,20.0,~20s,True,False
greal_StellungFortluftKlappe.csv,2022-12-15T08:56:50+00:00,2022-12-21T10:45:02+00:00,6.1,300.0,~5min,False,False
greal_StellungUmluftKlappe.csv,2022-12-15T08:56:50+00:00,2022-12-21T10:45:02+00:00,6.1,300.0,~5min,False,False
greal_T_Server_EG.csv,2022-12-15T13:37:32+00:00,2026-05-27T07:03:05+00:00,1258.7,900.0,~15min,False,True
greal_VL_TempFBH_OG.csv,2022-12-15T08:52:10+00:00,2022-12-21T10:48:15+00:00,6.1,20.0,~20s,True,False
greal_VorlaufTempKennlinie.csv,2022-12-14T14:30:52+00:00,2026-05-27T07:03:05+00:00,1259.7,300.0,~5min,True,True
greal_VorlaufTempKennlinie_K.csv,2022-12-14T14:21:00+00:00,2026-05-27T07:03:05+00:00,1259.7,300.0,~5min,False,True
greal_WMZ_Hz_Erz_BHKW.csv,2022-12-13T11:16:39+00:00,2026-05-27T07:03:18+00:00,1260.8,20.0,~20s,False,False
greal_WMZ_Hz_Erz_WP.csv,2022-12-13T11:16:39+00:00,2026-05-27T07:03:18+00:00,1260.8,20.0,~20s,False,False
greal_WMZ_Hz_Erz_ges.csv,2022-12-13T11:16:39+00:00,2026-05-27T07:03:18+00:00,1260.8,20.0,~20s,False,False
greal_WMZ_Kalt.csv,2022-12-15T14:53:15+00:00,2026-05-27T07:03:18+00:00,1258.7,20.0,~20s,True,False
greal_WMZ_Kalt_Erz_WP.csv,2022-12-15T14:53:15+00:00,2026-05-27T07:03:18+00:00,1258.7,20.0,~20s,True,False
greal_WMZ_Warm.csv,2022-12-13T11:16:39+00:00,2026-05-27T07:03:18+00:00,1260.8,20.0,~20s,False,False
greal_WP1AbtauSek.csv,2022-12-14T14:40:41+00:00,2026-05-27T07:03:05+00:00,1259.7,300.0,~5min,True,True
greal_WP2AbtauSek.csv,2022-12-14T14:40:41+00:00,2026-05-27T07:03:05+00:00,1259.7,300.0,~5min,True,True
greal_WP3AbtauSek.csv,2022-12-14T14:40:41+00:00,2026-05-27T07:03:05+00:00,1259.7,300.0,~5min,True,True
greal_W_WMZ_E_Altbau.csv,2022-12-19T09:18:17+00:00,2026-05-27T07:03:18+00:00,1254.9,20.0,~20s,True,False
greal_W_WMZ_E_Halle.csv,2022-12-19T09:18:17+00:00,2026-05-27T07:03:18+00:00,1254.9,20.0,~20s,True,False
greal_W_WMZ_E_Nord.csv,2022-12-19T09:18:17+00:00,2026-05-27T07:03:18+00:00,1254.9,20.0,~20s,True,False
greal_W_WMZ_E_Sued.csv,2022-12-19T09:18:17+00:00,2026-05-27T07:03:18+00:00,1254.9,20.0,~20s,True,False
greal_W_WMZ_E_WP.csv,2022-12-19T09:18:17+00:00,2026-05-27T07:03:18+00:00,1254.9,20.0,~20s,True,False
greal_W_WMZ_E_bhkw1.csv,2022-12-19T09:34:12+00:00,2026-05-27T07:03:18+00:00,1254.9,20.0,~20s,True,False
greal_W_WMZ_E_bhkw2.csv,2022-12-19T09:34:12+00:00,2026-05-27T07:03:18+00:00,1254.9,20.0,~20s,True,False
greal_W_WMZ_P_Altbau.csv,2022-12-19T09:23:24+00:00,2026-05-27T07:03:18+00:00,1254.9,20.0,~20s,True,False
greal_W_WMZ_P_Halle.csv,2022-12-19T09:23:24+00:00,2026-05-27T07:03:18+00:00,1254.9,20.0,~20s,True,False
greal_W_WMZ_P_Nord.csv,2022-12-19T09:23:24+00:00,2026-05-27T07:03:18+00:00,1254.9,20.0,~20s,True,False
greal_W_WMZ_P_Sued.csv,2022-12-19T09:23:24+00:00,2026-05-27T07:03:18+00:00,1254.9,20.0,~20s,True,False
greal_W_WMZ_P_WP.csv,2022-12-19T09:23:24+00:00,2026-05-27T07:03:18+00:00,1254.9,20.0,~20s,True,False
greal_W_WMZ_P_bhkw1.csv,2022-12-19T09:34:12+00:00,2026-05-27T07:03:18+00:00,1254.9,20.0,~20s,True,False
greal_W_WMZ_P_bhkw2.csv,2022-12-19T09:34:12+00:00,2026-05-27T07:03:18+00:00,1254.9,20.0,~20s,True,False
greal_W_WMZ_TR_Altbau.csv,2022-12-19T09:45:07+00:00,2026-05-27T07:03:18+00:00,1254.9,20.0,~20s,True,False
greal_W_WMZ_TR_Halle.csv,2022-12-19T09:45:07+00:00,2026-05-27T07:03:18+00:00,1254.9,20.0,~20s,True,False
greal_W_WMZ_TR_Nord.csv,2022-12-19T09:45:07+00:00,2026-05-27T07:03:18+00:00,1254.9,20.0,~20s,True,False
greal_W_WMZ_TR_Sued.csv,2022-12-19T09:45:07+00:00,2026-05-27T07:03:18+00:00,1254.9,20.0,~20s,True,False
greal_W_WMZ_TR_WP.csv,2022-12-19T09:45:07+00:00,2026-05-27T07:03:18+00:00,1254.9,20.0,~20s,True,False
greal_W_WMZ_TR_bhkw1.csv,2022-12-19T09:45:07+00:00,2026-05-27T07:03:18+00:00,1254.9,20.0,~20s,True,False
greal_W_WMZ_TR_bhkw2.csv,2022-12-19T09:45:07+00:00,2026-05-27T07:03:18+00:00,1254.9,20.0,~20s,True,False
greal_W_WMZ_TV_Altbau.csv,2022-12-19T09:45:07+00:00,2026-05-27T07:03:18+00:00,1254.9,20.0,~20s,True,False
greal_W_WMZ_TV_Halle.csv,2022-12-19T09:45:07+00:00,2026-05-27T07:03:18+00:00,1254.9,20.0,~20s,True,False
greal_W_WMZ_TV_Nord.csv,2022-12-19T09:45:07+00:00,2026-05-27T07:03:18+00:00,1254.9,20.0,~20s,True,False
greal_W_WMZ_TV_Sued.csv,2022-12-19T09:45:07+00:00,2026-05-27T07:03:18+00:00,1254.9,20.0,~20s,True,False
greal_W_WMZ_TV_WP.csv,2022-12-19T09:45:07+00:00,2026-05-27T07:03:18+00:00,1254.9,20.0,~20s,True,False
greal_W_WMZ_TV_bhkw1.csv,2022-12-19T09:45:07+00:00,2026-05-27T07:03:18+00:00,1254.9,20.0,~20s,True,False
greal_W_WMZ_TV_bhkw2.csv,2022-12-19T09:45:07+00:00,2026-05-27T07:03:18+00:00,1254.9,20.0,~20s,True,False
greal_Wochenendwert.csv,2022-12-15T14:29:56+00:00,2026-02-10T09:32:12+00:00,1152.8,2700.0,~1hr,False,True
greal_realTempVorlBKT_EG.csv,2022-12-15T14:42:46+00:00,2022-12-21T10:45:02+00:00,5.8,300.0,~5min,True,False
green_bat.csv,2022-12-22T12:24:22.777000+00:00,2026-05-27T07:03:18+00:00,1251.8,64.2,~1min,False,True
green_t1.csv,2022-12-22T13:11:45.544000+00:00,2026-05-27T07:03:18.428000+00:00,1251.7,1800.0,~1hr,True,True
green_t2.csv,2022-12-22T13:19:55.017000+00:00,2026-05-27T07:03:18.429000+00:00,1251.7,1800.0,~1hr,True,True
green_t3.csv,2022-12-22T13:42:33.264000+00:00,2026-05-27T07:03:18+00:00,1251.7,1800.0,~1hr,False,True
pilot.csv,2022-11-29T09:47:22+00:00,2022-11-29T09:48:02+00:00,0.0,20.0,~20s,,False
realIPhARmsST24.csv,2022-12-07T14:19:19+00:00,2026-05-27T07:03:18+00:00,1266.7,20.0,~20s,True,False
realIPhARmsST25.csv,2022-12-07T14:19:19+00:00,2026-05-27T07:03:18+00:00,1266.7,20.0,~20s,True,False
realIPhBRmsST24.csv,2022-12-07T14:19:19+00:00,2026-05-27T07:03:18+00:00,1266.7,20.0,~20s,True,False
realIPhBRmsST25.csv,2022-12-07T14:19:19+00:00,2026-05-27T07:03:18+00:00,1266.7,20.0,~20s,True,False
realIPhCRmsST24.csv,2022-12-07T14:19:19+00:00,2026-05-27T07:03:18+00:00,1266.7,20.0,~20s,True,False
realIPhCRmsST25.csv,2022-12-07T14:19:19+00:00,2026-05-27T07:03:18+00:00,1266.7,20.0,~20s,True,False
realIstTempKaltWasOben.csv,2022-12-15T14:53:15+00:00,2026-05-27T07:03:18+00:00,1258.7,20.0,~20s,True,False
realIstTempKaltWasObenMitte.csv,2022-12-15T14:53:15+00:00,2026-05-27T07:03:18+00:00,1258.7,20.0,~20s,True,False
realIstTempKaltWasUnt.csv,2022-12-15T15:44:55+00:00,2026-05-27T07:03:18+00:00,1258.6,20.0,~20s,True,False
realIstTempKaltWasUntMitte.csv,2022-12-15T15:44:55+00:00,2026-05-27T07:03:18+00:00,1258.6,20.0,~20s,True,False
realIstTempPuffAltbau.csv,2022-12-14T13:46:49+00:00,2026-05-27T07:03:04+00:00,1259.7,300.0,~5min,False,True
realIstTempRuecklPuffAltbau.csv,2022-12-14T13:46:49+00:00,2026-05-27T07:03:04+00:00,1259.7,300.0,~5min,False,True
realIstTempWarmWasOben.csv,2022-12-14T13:40:15+00:00,2026-05-27T07:03:18+00:00,1259.7,20.0,~20s,True,False
realIstTempWarmWasObenMitte.csv,2022-12-14T13:40:15+00:00,2026-05-27T07:03:18+00:00,1259.7,20.0,~20s,True,False
realIstTempWarmWasUnt.csv,2022-12-14T13:40:15+00:00,2026-05-27T07:03:18+00:00,1259.7,20.0,~20s,True,False
realIstTempWarmWasUntMitte.csv,2022-12-14T13:40:15+00:00,2026-05-27T07:03:18+00:00,1259.7,20.0,~20s,True,False
realLeistungGebNord.csv,2023-04-03T11:22:24+00:00,2026-05-27T07:03:18+00:00,1149.8,20.0,~20s,True,False
realLeistungGebSued.csv,2023-04-03T11:22:24+00:00,2026-05-27T07:03:18+00:00,1149.8,20.0,~20s,True,False
realLeistungGebSystem.csv,2024-02-27T08:23:08+00:00,2026-05-27T07:03:18+00:00,819.9,20.0,~20s,True,False
realLeistungsfaktorST24.csv,2022-12-07T14:16:21+00:00,2026-05-27T07:03:04+00:00,1266.7,300.0,~5min,False,False
realLeistungsfaktorST25.csv,2022-12-07T14:16:21+00:00,2026-05-27T07:03:04+00:00,1266.7,300.0,~5min,False,False
realSollwertReglerWP1.csv,2022-12-14T14:40:41+00:00,2026-05-27T07:03:05+00:00,1259.7,300.0,~5min,True,True
realTempRuecklBKT_EG.csv,2022-12-15T14:42:46+00:00,2022-12-21T10:45:02+00:00,5.8,300.0,~5min,True,False
real_BatterieAbgabeLeistung.csv,2022-12-12T11:41:08+00:00,2026-05-27T07:03:18+00:00,1261.8,20.0,~20s,False,False
real_BatterieLadeLeistung.csv,2022-12-12T11:41:08+00:00,2026-05-27T07:03:18+00:00,1261.8,20.0,~20s,False,False
real_BatterieLeistung.csv,2022-12-07T14:11:41+00:00,2026-05-27T07:03:18+00:00,1266.7,20.0,~20s,True,False
real_BatterieVerlustEnergie.csv,2022-12-20T15:26:15+00:00,2022-12-31T23:59:47+00:00,11.4,20.0,~20s,False,False
real_BatterieVerlustLeistung.csv,2022-12-13T15:32:37+00:00,2026-05-27T07:03:18+00:00,1260.6,20.0,~20s,True,False
real_E_VerlustEnFa.csv,2022-12-22T15:32:32+00:00,2026-05-27T07:03:18+00:00,1251.6,20.0,~20s,False,True
real_E_Verlustbhkw1.csv,2022-12-22T15:34:30+00:00,2026-05-27T07:03:18+00:00,1251.6,20.0,~20s,True,True
real_E_Verlustbhkw2.csv,2022-12-22T15:34:30+00:00,2026-05-27T07:03:18+00:00,1251.6,20.0,~20s,True,True
real_PV_Gesamt.csv,2022-12-07T14:11:41+00:00,2026-05-27T07:03:18+00:00,1266.7,20.0,~20s,True,False
real_P_BHKW.csv,2022-12-07T14:11:41+00:00,2026-05-27T07:03:18+00:00,1266.7,20.0,~20s,True,False
real_VerlustleistungEnFa.csv,2022-12-12T14:30:40+00:00,2026-05-27T07:03:18+00:00,1261.7,20.0,~20s,True,True
real_WirkleistungEnFa.csv,2022-12-07T14:11:41+00:00,2026-05-27T07:03:18+00:00,1266.7,20.0,~20s,True,False
real_WirkleistungErzeugungEnFa.csv,2022-12-07T14:11:41+00:00,2026-05-27T07:03:18+00:00,1266.7,20.0,~20s,True,False
real_aktGesamtLeistungBHKW.csv,2022-12-15T08:31:23+00:00,2026-05-27T07:03:18+00:00,1258.9,20.0,~20s,True,False
real_aktVerbrauchGasBhkwImp.csv,2022-12-19T15:08:18+00:00,2026-05-27T07:03:18+00:00,1254.7,300.0,~5min,False,False
real_aktVerbrauchGasBhkwImp1.csv,2022-12-12T15:46:47+00:00,2026-05-27T07:03:18+00:00,1261.6,20.0,~20s,True,False
real_aktVerbrauchGasBhkwImp2.csv,2022-12-12T15:46:47+00:00,2026-05-27T07:03:18+00:00,1261.6,20.0,~20s,True,False
real_aktVerlustLeistungBHKW.csv,2022-12-14T10:05:03+00:00,2026-05-27T07:03:18+00:00,1259.9,20.0,~20s,False,True
real_aktVerlustLeistungBHKW1.csv,2022-12-19T11:05:10+00:00,2026-05-27T07:03:18+00:00,1254.8,20.0,~20s,True,False
real_aktVerlustLeistungBHKW2.csv,2022-12-19T11:05:10+00:00,2026-05-27T07:03:18+00:00,1254.8,20.0,~20s,True,False
sun_alt.csv,2024-02-27T09:30:09+00:00,2026-05-27T07:03:18+00:00,819.9,20.0,~20s,True,False
sun_azi.csv,2024-02-27T09:30:09+00:00,2026-05-27T07:03:18+00:00,819.9,20.0,~20s,True,False
val1006.csv,2022-11-30T10:57:08+00:00,2022-12-05T12:29:48+00:00,5.1,5.0,~5s,True,True
val1007.csv,2022-11-30T10:57:08+00:00,2022-12-01T07:51:50+00:00,0.9,5.0,~5s,True,True
val1008.csv,2022-11-30T14:40:03+00:00,2022-12-01T07:51:50+00:00,0.7,5.0,~5s,True,False
val1009.csv,2022-11-30T14:40:03+00:00,2022-12-01T07:51:50+00:00,0.7,5.0,~5s,True,False
wind_now.csv,2024-02-27T09:12:41+00:00,2026-05-27T07:03:18+00:00,819.9,20.0,~20s,False,True
wind_tomorrow.csv,2024-02-27T09:21:18+00:00,2026-05-27T07:03:18+00:00,819.9,20.0,~20s,False,False
